date_key,full_date,year,quarter,month,day,weekday
1,2014-11-14,2014,Q4,11,14,Friday
2,2014-02-20,2014,Q1,02,20,Thursday
3,2014-11-12,2014,Q4,11,12,Wednesday
4,2015-10-28,2015,Q4,10,28,Wednesday
5,2012-10-17,2012,Q4,10,17,Wednesday
6,2015-02-04,2015,Q1,02,4,Wednesday
7,2014-10-31,2014,Q4,10,31,Friday
8,2013-09-04,2013,Q3,09,4,Wednesday
9,2014-12-04,2014,Q4,12,4,Thursday
10,2015-01-27,2015,Q1,01,27,Tuesday
11,2013-06-20,2013,Q2,06,20,Thursday
12,2015-11-25,2015,Q4,11,25,Wednesday
13,2012-06-27,2012,Q2,06,27,Wednesday
14,2015-02-27,2015,Q1,02,27,Friday
15,2012-02-02,2012,Q1,02,2,Thursday
16,2013-10-06,2013,Q4,10,6,Sunday
17,2014-10-26,2014,Q4,10,26,Sunday
18,2015-06-21,2015,Q2,06,21,Sunday
19,2013-03-16,2013,Q1,03,16,Saturday
20,2014-11-24,2014,Q4,11,24,Monday
21,2015-06-04,2015,Q2,06,4,Thursday
22,2013-12-01,2013,Q4,12,1,Sunday
23,2013-12-06,2013,Q4,12,6,Friday
24,2014-10-12,2014,Q4,10,12,Sunday
25,2013-11-03,2013,Q4,11,3,Sunday
26,2015-12-29,2015,Q4,12,29,Tuesday
27,2012-05-13,2012,Q2,05,13,Sunday
28,2014-06-23,2014,Q2,06,23,Monday
29,2015-12-20,2015,Q4,12,20,Sunday
30,2015-03-10,2015,Q1,03,10,Tuesday
31,2015-07-21,2015,Q3,07,21,Tuesday
32,2013-02-17,2013,Q1,02,17,Sunday
33,2014-02-23,2014,Q1,02,23,Sunday
34,2012-05-08,2012,Q2,05,8,Tuesday
35,2014-07-10,2014,Q3,07,10,Thursday
36,2012-08-09,2012,Q3,08,9,Thursday
37,2013-11-24,2013,Q4,11,24,Sunday
38,2013-07-24,2013,Q3,07,24,Wednesday
39,2014-07-31,2014,Q3,07,31,Thursday
40,2012-03-27,2012,Q1,03,27,Tuesday
41,2015-07-26,2015,Q3,07,26,Sunday
42,2013-03-29,2013,Q1,03,29,Friday
43,2014-06-09,2014,Q2,06,9,Monday
44,2013-10-11,2013,Q4,10,11,Friday
45,2015-04-28,2015,Q2,04,28,Tuesday
46,2013-01-19,2013,Q1,01,19,Saturday
47,2014-09-18,2014,Q3,09,18,Thursday
48,2015-09-10,2015,Q3,09,10,Thursday
49,2015-06-13,2015,Q2,06,13,Saturday
50,2015-12-22,2015,Q4,12,22,Tuesday
51,2012-03-22,2012,Q1,03,22,Thursday
52,2013-10-19,2013,Q4,10,19,Saturday
53,2012-08-06,2012,Q3,08,6,Monday
54,2014-04-02,2014,Q2,04,2,Wednesday
55,2015-02-14,2015,Q1,02,14,Saturday
56,2013-07-07,2013,Q3,07,7,Sunday
57,2013-10-31,2013,Q4,10,31,Thursday
58,2013-02-09,2013,Q1,02,9,Saturday
59,2015-07-03,2015,Q3,07,3,Friday
60,2012-10-03,2012,Q4,10,3,Wednesday
61,2013-07-16,2013,Q3,07,16,Tuesday
62,2012-05-06,2012,Q2,05,6,Sunday
63,2015-02-16,2015,Q1,02,16,Monday
64,2013-04-20,2013,Q2,04,20,Saturday
65,2014-10-11,2014,Q4,10,11,Saturday
66,2015-04-02,2015,Q2,04,2,Thursday
67,2012-01-29,2012,Q1,01,29,Sunday
68,2014-12-26,2014,Q4,12,26,Friday
69,2014-07-28,2014,Q3,07,28,Monday
70,2013-07-01,2013,Q3,07,1,Monday
71,2015-03-08,2015,Q1,03,8,Sunday
72,2015-12-09,2015,Q4,12,9,Wednesday
73,2012-06-08,2012,Q2,06,8,Friday
74,2014-05-08,2014,Q2,05,8,Thursday
75,2014-01-19,2014,Q1,01,19,Sunday
76,2012-12-31,2012,Q4,12,31,Monday
77,2013-04-11,2013,Q2,04,11,Thursday
78,2013-05-16,2013,Q2,05,16,Thursday
79,2013-04-12,2013,Q2,04,12,Friday
80,2014-11-17,2014,Q4,11,17,Monday
81,2014-12-29,2014,Q4,12,29,Monday
82,2013-05-12,2013,Q2,05,12,Sunday
83,2014-03-09,2014,Q1,03,9,Sunday
84,2014-09-17,2014,Q3,09,17,Wednesday
85,2012-09-11,2012,Q3,09,11,Tuesday
86,2015-12-10,2015,Q4,12,10,Thursday
87,2013-11-07,2013,Q4,11,7,Thursday
88,2012-05-19,2012,Q2,05,19,Saturday
89,2015-06-12,2015,Q2,06,12,Friday
90,2013-01-24,2013,Q1,01,24,Thursday
91,2014-06-15,2014,Q2,06,15,Sunday
92,2014-03-04,2014,Q1,03,4,Tuesday
93,2013-01-01,2013,Q1,01,1,Tuesday
94,2015-04-26,2015,Q2,04,26,Sunday
95,2012-10-04,2012,Q4,10,4,Thursday
96,2015-12-12,2015,Q4,12,12,Saturday
97,2013-04-07,2013,Q2,04,7,Sunday
98,2013-11-30,2013,Q4,11,30,Saturday
99,2014-05-17,2014,Q2,05,17,Saturday
100,2013-03-06,2013,Q1,03,6,Wednesday
101,2014-07-25,2014,Q3,07,25,Friday
102,2013-08-05,2013,Q3,08,5,Monday
103,2015-08-24,2015,Q3,08,24,Monday
104,2013-03-27,2013,Q1,03,27,Wednesday
105,2014-01-12,2014,Q1,01,12,Sunday
106,2012-11-18,2012,Q4,11,18,Sunday
107,2013-10-01,2013,Q4,10,1,Tuesday
108,2012-06-19,2012,Q2,06,19,Tuesday
109,2012-11-11,2012,Q4,11,11,Sunday
110,2015-01-08,2015,Q1,01,8,Thursday
111,2012-05-28,2012,Q2,05,28,Monday
112,2012-01-16,2012,Q1,01,16,Monday
113,2014-06-16,2014,Q2,06,16,Monday
114,2014-06-02,2014,Q2,06,2,Monday
115,2015-02-21,2015,Q1,02,21,Saturday
116,2012-03-07,2012,Q1,03,7,Wednesday
117,2012-07-12,2012,Q3,07,12,Thursday
118,2013-10-28,2013,Q4,10,28,Monday
119,2015-07-06,2015,Q3,07,6,Monday
120,2012-12-06,2012,Q4,12,6,Thursday
121,2012-11-13,2012,Q4,11,13,Tuesday
122,2012-01-24,2012,Q1,01,24,Tuesday
123,2012-05-22,2012,Q2,05,22,Tuesday
124,2015-07-23,2015,Q3,07,23,Thursday
125,2013-01-18,2013,Q1,01,18,Friday
126,2012-10-18,2012,Q4,10,18,Thursday
127,2012-03-08,2012,Q1,03,8,Thursday
128,2013-02-05,2013,Q1,02,5,Tuesday
129,2014-07-02,2014,Q3,07,2,Wednesday
130,2015-04-09,2015,Q2,04,9,Thursday
131,2013-01-09,2013,Q1,01,9,Wednesday
132,2015-06-15,2015,Q2,06,15,Monday
133,2012-04-11,2012,Q2,04,11,Wednesday
134,2015-09-12,2015,Q3,09,12,Saturday
135,2012-05-07,2012,Q2,05,7,Monday
136,2014-03-20,2014,Q1,03,20,Thursday
137,2014-03-07,2014,Q1,03,7,Friday
138,2012-11-09,2012,Q4,11,9,Friday
139,2015-11-06,2015,Q4,11,6,Friday
140,2012-06-04,2012,Q2,06,4,Monday
141,2015-10-31,2015,Q4,10,31,Saturday
142,2013-01-11,2013,Q1,01,11,Friday
143,2013-12-26,2013,Q4,12,26,Thursday
144,2012-08-07,2012,Q3,08,7,Tuesday
145,2015-07-25,2015,Q3,07,25,Saturday
146,2012-08-31,2012,Q3,08,31,Friday
147,2014-07-18,2014,Q3,07,18,Friday
148,2013-06-03,2013,Q2,06,3,Monday
149,2013-08-20,2013,Q3,08,20,Tuesday
150,2013-04-19,2013,Q2,04,19,Friday
151,2012-05-01,2012,Q2,05,1,Tuesday
152,2013-08-12,2013,Q3,08,12,Monday
153,2015-04-03,2015,Q2,04,3,Friday
154,2014-06-29,2014,Q2,06,29,Sunday
155,2014-02-05,2014,Q1,02,5,Wednesday
156,2012-11-14,2012,Q4,11,14,Wednesday
157,2014-04-16,2014,Q2,04,16,Wednesday
158,2012-04-08,2012,Q2,04,8,Sunday
159,2013-05-04,2013,Q2,05,4,Saturday
160,2013-09-06,2013,Q3,09,6,Friday
161,2012-04-16,2012,Q2,04,16,Monday
162,2014-06-08,2014,Q2,06,8,Sunday
163,2012-02-20,2012,Q1,02,20,Monday
164,2015-09-28,2015,Q3,09,28,Monday
165,2013-08-06,2013,Q3,08,6,Tuesday
166,2014-04-08,2014,Q2,04,8,Tuesday
167,2013-06-30,2013,Q2,06,30,Sunday
168,2014-01-28,2014,Q1,01,28,Tuesday
169,2015-01-28,2015,Q1,01,28,Wednesday
170,2015-12-08,2015,Q4,12,8,Tuesday
171,2014-07-24,2014,Q3,07,24,Thursday
172,2013-03-18,2013,Q1,03,18,Monday
173,2013-07-18,2013,Q3,07,18,Thursday
174,2014-09-06,2014,Q3,09,6,Saturday
175,2012-03-04,2012,Q1,03,4,Sunday
176,2014-07-12,2014,Q3,07,12,Saturday
177,2014-08-05,2014,Q3,08,5,Tuesday
178,2014-09-02,2014,Q3,09,2,Tuesday
179,2012-03-25,2012,Q1,03,25,Sunday
180,2012-05-29,2012,Q2,05,29,Tuesday
181,2015-05-22,2015,Q2,05,22,Friday
182,2013-08-08,2013,Q3,08,8,Thursday
183,2014-10-24,2014,Q4,10,24,Friday
184,2014-02-09,2014,Q1,02,9,Sunday
185,2014-05-02,2014,Q2,05,2,Friday
186,2013-10-18,2013,Q4,10,18,Friday
187,2015-11-27,2015,Q4,11,27,Friday
188,2012-12-22,2012,Q4,12,22,Saturday
189,2012-12-16,2012,Q4,12,16,Sunday
190,2014-03-02,2014,Q1,03,2,Sunday
191,2015-10-13,2015,Q4,10,13,Tuesday
192,2014-10-22,2014,Q4,10,22,Wednesday
193,2015-10-06,2015,Q4,10,6,Tuesday
194,2013-10-24,2013,Q4,10,24,Thursday
195,2014-11-21,2014,Q4,11,21,Friday
196,2014-09-28,2014,Q3,09,28,Sunday
197,2012-02-10,2012,Q1,02,10,Friday
198,2015-12-18,2015,Q4,12,18,Friday
199,2014-04-13,2014,Q2,04,13,Sunday
200,2014-01-14,2014,Q1,01,14,Tuesday
201,2012-06-30,2012,Q2,06,30,Saturday
202,2014-04-26,2014,Q2,04,26,Saturday
203,2013-12-28,2013,Q4,12,28,Saturday
204,2015-03-13,2015,Q1,03,13,Friday
205,2013-05-29,2013,Q2,05,29,Wednesday
206,2012-09-03,2012,Q3,09,3,Monday
207,2014-06-06,2014,Q2,06,6,Friday
208,2014-09-01,2014,Q3,09,1,Monday
209,2012-07-09,2012,Q3,07,9,Monday
210,2013-09-15,2013,Q3,09,15,Sunday
211,2015-11-19,2015,Q4,11,19,Thursday
212,2013-06-09,2013,Q2,06,9,Sunday
213,2013-09-10,2013,Q3,09,10,Tuesday
214,2013-05-22,2013,Q2,05,22,Wednesday
215,2014-01-31,2014,Q1,01,31,Friday
216,2014-02-02,2014,Q1,02,2,Sunday
217,2014-02-13,2014,Q1,02,13,Thursday
218,2014-02-26,2014,Q1,02,26,Wednesday
219,2012-06-10,2012,Q2,06,10,Sunday
220,2014-02-11,2014,Q1,02,11,Tuesday
221,2012-04-13,2012,Q2,04,13,Friday
222,2015-09-04,2015,Q3,09,4,Friday
223,2013-04-06,2013,Q2,04,6,Saturday
224,2014-03-28,2014,Q1,03,28,Friday
225,2012-05-20,2012,Q2,05,20,Sunday
226,2014-02-24,2014,Q1,02,24,Monday
227,2013-07-25,2013,Q3,07,25,Thursday
228,2013-04-08,2013,Q2,04,8,Monday
229,2013-05-10,2013,Q2,05,10,Friday
230,2013-06-17,2013,Q2,06,17,Monday
231,2015-09-24,2015,Q3,09,24,Thursday
232,2013-02-21,2013,Q1,02,21,Thursday
233,2014-08-17,2014,Q3,08,17,Sunday
234,2013-04-04,2013,Q2,04,4,Thursday
235,2013-12-25,2013,Q4,12,25,Wednesday
236,2013-12-30,2013,Q4,12,30,Monday
237,2013-05-28,2013,Q2,05,28,Tuesday
238,2014-05-05,2014,Q2,05,5,Monday
239,2013-06-05,2013,Q2,06,5,Wednesday
240,2014-02-14,2014,Q1,02,14,Friday
241,2013-01-16,2013,Q1,01,16,Wednesday
242,2015-03-20,2015,Q1,03,20,Friday
243,2015-07-14,2015,Q3,07,14,Tuesday
244,2014-04-14,2014,Q2,04,14,Monday
245,2015-01-12,2015,Q1,01,12,Monday
246,2014-11-05,2014,Q4,11,5,Wednesday
247,2013-09-09,2013,Q3,09,9,Monday
248,2012-04-07,2012,Q2,04,7,Saturday
249,2014-07-19,2014,Q3,07,19,Saturday
250,2012-03-19,2012,Q1,03,19,Monday
251,2014-04-30,2014,Q2,04,30,Wednesday
252,2013-03-01,2013,Q1,03,1,Friday
253,2015-10-03,2015,Q4,10,3,Saturday
254,2015-09-13,2015,Q3,09,13,Sunday
255,2013-08-30,2013,Q3,08,30,Friday
256,2015-09-02,2015,Q3,09,2,Wednesday
257,2015-11-04,2015,Q4,11,4,Wednesday
258,2013-12-12,2013,Q4,12,12,Thursday
259,2013-11-14,2013,Q4,11,14,Thursday
260,2013-07-12,2013,Q3,07,12,Friday
261,2015-07-04,2015,Q3,07,4,Saturday
262,2013-12-11,2013,Q4,12,11,Wednesday
263,2014-05-31,2014,Q2,05,31,Saturday
264,2015-11-08,2015,Q4,11,8,Sunday
265,2015-05-17,2015,Q2,05,17,Sunday
266,2015-06-11,2015,Q2,06,11,Thursday
267,2015-08-05,2015,Q3,08,5,Wednesday
268,2013-08-26,2013,Q3,08,26,Monday
269,2014-07-05,2014,Q3,07,5,Saturday
270,2014-04-03,2014,Q2,04,3,Thursday
271,2013-11-22,2013,Q4,11,22,Friday
272,2015-05-20,2015,Q2,05,20,Wednesday
273,2015-04-17,2015,Q2,04,17,Friday
274,2015-11-22,2015,Q4,11,22,Sunday
275,2012-10-01,2012,Q4,10,1,Monday
276,2012-08-15,2012,Q3,08,15,Wednesday
277,2013-12-24,2013,Q4,12,24,Tuesday
278,2012-06-14,2012,Q2,06,14,Thursday
279,2012-01-13,2012,Q1,01,13,Friday
280,2012-10-20,2012,Q4,10,20,Saturday
281,2014-12-27,2014,Q4,12,27,Saturday
282,2012-07-28,2012,Q3,07,28,Saturday
283,2012-01-02,2012,Q1,01,2,Monday
284,2014-08-04,2014,Q3,08,4,Monday
285,2013-05-07,2013,Q2,05,7,Tuesday
286,2013-05-02,2013,Q2,05,2,Thursday
287,2012-03-28,2012,Q1,03,28,Wednesday
288,2015-05-12,2015,Q2,05,12,Tuesday
289,2013-02-16,2013,Q1,02,16,Saturday
290,2015-01-26,2015,Q1,01,26,Monday
291,2012-07-24,2012,Q3,07,24,Tuesday
292,2013-04-26,2013,Q2,04,26,Friday
293,2014-08-12,2014,Q3,08,12,Tuesday
294,2014-05-15,2014,Q2,05,15,Thursday
295,2013-02-20,2013,Q1,02,20,Wednesday
296,2013-04-03,2013,Q2,04,3,Wednesday
297,2014-07-11,2014,Q3,07,11,Friday
298,2015-05-06,2015,Q2,05,6,Wednesday
299,2013-12-23,2013,Q4,12,23,Monday
300,2012-07-04,2012,Q3,07,4,Wednesday
301,2012-07-08,2012,Q3,07,8,Sunday
302,2015-08-12,2015,Q3,08,12,Wednesday
303,2013-11-15,2013,Q4,11,15,Friday
304,2012-02-13,2012,Q1,02,13,Monday
305,2015-03-07,2015,Q1,03,7,Saturday
306,2015-08-02,2015,Q3,08,2,Sunday
307,2014-04-11,2014,Q2,04,11,Friday
308,2013-03-11,2013,Q1,03,11,Monday
309,2014-01-21,2014,Q1,01,21,Tuesday
310,2014-03-29,2014,Q1,03,29,Saturday
311,2014-01-23,2014,Q1,01,23,Thursday
312,2015-09-27,2015,Q3,09,27,Sunday
313,2012-01-21,2012,Q1,01,21,Saturday
314,2014-07-04,2014,Q3,07,4,Friday
315,2014-12-11,2014,Q4,12,11,Thursday
316,2013-09-18,2013,Q3,09,18,Wednesday
317,2015-01-13,2015,Q1,01,13,Tuesday
318,2015-11-05,2015,Q4,11,5,Thursday
319,2013-09-22,2013,Q3,09,22,Sunday
320,2015-05-13,2015,Q2,05,13,Wednesday
321,2014-05-29,2014,Q2,05,29,Thursday
322,2012-10-25,2012,Q4,10,25,Thursday
323,2013-11-11,2013,Q4,11,11,Monday
324,2015-01-06,2015,Q1,01,6,Tuesday
325,2014-05-04,2014,Q2,05,4,Sunday
326,2013-08-27,2013,Q3,08,27,Tuesday
327,2012-12-23,2012,Q4,12,23,Sunday
328,2012-08-22,2012,Q3,08,22,Wednesday
329,2012-04-14,2012,Q2,04,14,Saturday
330,2012-07-05,2012,Q3,07,5,Thursday
331,2014-07-21,2014,Q3,07,21,Monday
332,2013-07-20,2013,Q3,07,20,Saturday
333,2015-03-06,2015,Q1,03,6,Friday
334,2015-05-08,2015,Q2,05,8,Friday
335,2014-10-15,2014,Q4,10,15,Wednesday
336,2012-03-11,2012,Q1,03,11,Sunday
337,2013-12-17,2013,Q4,12,17,Tuesday
338,2014-12-07,2014,Q4,12,7,Sunday
339,2013-12-04,2013,Q4,12,4,Wednesday
340,2014-10-09,2014,Q4,10,9,Thursday
341,2014-12-08,2014,Q4,12,8,Monday
342,2013-08-03,2013,Q3,08,3,Saturday
343,2012-11-12,2012,Q4,11,12,Monday
344,2014-11-29,2014,Q4,11,29,Saturday
345,2012-01-05,2012,Q1,01,5,Thursday
346,2015-03-05,2015,Q1,03,5,Thursday
347,2012-04-21,2012,Q2,04,21,Saturday
348,2015-07-08,2015,Q3,07,8,Wednesday
349,2014-11-28,2014,Q4,11,28,Friday
350,2015-07-05,2015,Q3,07,5,Sunday
351,2013-01-04,2013,Q1,01,4,Friday
352,2015-01-10,2015,Q1,01,10,Saturday
353,2014-09-08,2014,Q3,09,8,Monday
354,2015-06-18,2015,Q2,06,18,Thursday
355,2012-10-09,2012,Q4,10,9,Tuesday
356,2012-03-31,2012,Q1,03,31,Saturday
357,2015-01-19,2015,Q1,01,19,Monday
358,2013-04-27,2013,Q2,04,27,Saturday
359,2014-01-26,2014,Q1,01,26,Sunday
360,2013-04-22,2013,Q2,04,22,Monday
361,2014-12-01,2014,Q4,12,1,Monday
362,2013-07-15,2013,Q3,07,15,Monday
363,2012-09-15,2012,Q3,09,15,Saturday
364,2013-10-08,2013,Q4,10,8,Tuesday
365,2012-04-18,2012,Q2,04,18,Wednesday
366,2015-12-24,2015,Q4,12,24,Thursday
367,2015-02-01,2015,Q1,02,1,Sunday
368,2012-03-10,2012,Q1,03,10,Saturday
369,2012-04-02,2012,Q2,04,2,Monday
370,2014-12-12,2014,Q4,12,12,Friday
371,2014-03-12,2014,Q1,03,12,Wednesday
372,2012-02-16,2012,Q1,02,16,Thursday
373,2012-03-24,2012,Q1,03,24,Saturday
374,2012-04-26,2012,Q2,04,26,Thursday
375,2012-06-02,2012,Q2,06,2,Saturday
376,2015-02-12,2015,Q1,02,12,Thursday
377,2014-09-07,2014,Q3,09,7,Sunday
378,2015-05-03,2015,Q2,05,3,Sunday
379,2014-04-19,2014,Q2,04,19,Saturday
380,2014-08-20,2014,Q3,08,20,Wednesday
381,2013-11-21,2013,Q4,11,21,Thursday
382,2013-10-29,2013,Q4,10,29,Tuesday
383,2012-04-19,2012,Q2,04,19,Thursday
384,2013-11-28,2013,Q4,11,28,Thursday
385,2013-03-08,2013,Q1,03,8,Friday
386,2012-05-27,2012,Q2,05,27,Sunday
387,2013-06-01,2013,Q2,06,1,Saturday
388,2013-02-08,2013,Q1,02,8,Friday
389,2013-09-07,2013,Q3,09,7,Saturday
390,2015-10-18,2015,Q4,10,18,Sunday
391,2015-01-17,2015,Q1,01,17,Saturday
392,2015-08-19,2015,Q3,08,19,Wednesday
393,2013-07-13,2013,Q3,07,13,Saturday
394,2012-04-04,2012,Q2,04,4,Wednesday
395,2015-12-07,2015,Q4,12,7,Monday
396,2012-02-15,2012,Q1,02,15,Wednesday
397,2015-07-30,2015,Q3,07,30,Thursday
398,2015-02-05,2015,Q1,02,5,Thursday
399,2012-05-31,2012,Q2,05,31,Thursday
400,2014-05-21,2014,Q2,05,21,Wednesday
401,2015-02-24,2015,Q1,02,24,Tuesday
402,2012-02-26,2012,Q1,02,26,Sunday
403,2014-03-03,2014,Q1,03,3,Monday
404,2014-05-11,2014,Q2,05,11,Sunday
405,2013-01-10,2013,Q1,01,10,Thursday
406,2012-03-18,2012,Q1,03,18,Sunday
407,2012-08-01,2012,Q3,08,1,Wednesday
408,2012-09-25,2012,Q3,09,25,Tuesday
409,2014-04-04,2014,Q2,04,4,Friday
410,2012-03-21,2012,Q1,03,21,Wednesday
411,2012-09-29,2012,Q3,09,29,Saturday
412,2015-09-21,2015,Q3,09,21,Monday
413,2014-05-25,2014,Q2,05,25,Sunday
414,2013-12-20,2013,Q4,12,20,Friday
415,2014-06-12,2014,Q2,06,12,Thursday
416,2015-08-13,2015,Q3,08,13,Thursday
417,2015-01-04,2015,Q1,01,4,Sunday
418,2014-11-11,2014,Q4,11,11,Tuesday
419,2013-03-02,2013,Q1,03,2,Saturday
420,2014-01-18,2014,Q1,01,18,Saturday
421,2013-09-08,2013,Q3,09,8,Sunday
422,2012-07-14,2012,Q3,07,14,Saturday
423,2012-11-03,2012,Q4,11,3,Saturday
424,2013-05-31,2013,Q2,05,31,Friday
425,2014-09-22,2014,Q3,09,22,Monday
426,2015-02-13,2015,Q1,02,13,Friday
427,2014-09-27,2014,Q3,09,27,Saturday
428,2013-03-20,2013,Q1,03,20,Wednesday
429,2013-02-26,2013,Q1,02,26,Tuesday
430,2015-06-19,2015,Q2,06,19,Friday
431,2013-02-03,2013,Q1,02,3,Sunday
432,2013-02-11,2013,Q1,02,11,Monday
433,2013-08-31,2013,Q3,08,31,Saturday
434,2013-06-07,2013,Q2,06,7,Friday
435,2013-09-19,2013,Q3,09,19,Thursday
436,2013-11-04,2013,Q4,11,4,Monday
437,2013-03-10,2013,Q1,03,10,Sunday
438,2012-08-04,2012,Q3,08,4,Saturday
439,2015-05-28,2015,Q2,05,28,Thursday
440,2015-03-02,2015,Q1,03,2,Monday
441,2012-06-25,2012,Q2,06,25,Monday
442,2016-01-04,2016,Q1,01,4,Monday
443,2012-10-24,2012,Q4,10,24,Wednesday
444,2012-11-07,2012,Q4,11,7,Wednesday
445,2015-03-22,2015,Q1,03,22,Sunday
446,2014-06-27,2014,Q2,06,27,Friday
447,2012-11-25,2012,Q4,11,25,Sunday
448,2014-09-30,2014,Q3,09,30,Tuesday
449,2015-09-20,2015,Q3,09,20,Sunday
450,2014-10-19,2014,Q4,10,19,Sunday
451,2012-04-05,2012,Q2,04,5,Thursday
452,2014-12-28,2014,Q4,12,28,Sunday
453,2014-05-30,2014,Q2,05,30,Friday
454,2013-06-24,2013,Q2,06,24,Monday
455,2012-02-17,2012,Q1,02,17,Friday
456,2012-09-09,2012,Q3,09,9,Sunday
457,2014-01-29,2014,Q1,01,29,Wednesday
458,2012-11-26,2012,Q4,11,26,Monday
459,2014-01-30,2014,Q1,01,30,Thursday
460,2014-10-28,2014,Q4,10,28,Tuesday
461,2012-02-24,2012,Q1,02,24,Friday
462,2012-07-06,2012,Q3,07,6,Friday
463,2015-05-16,2015,Q2,05,16,Saturday
464,2014-01-07,2014,Q1,01,7,Tuesday
465,2013-08-14,2013,Q3,08,14,Wednesday
466,2015-05-23,2015,Q2,05,23,Saturday
467,2012-05-02,2012,Q2,05,2,Wednesday
468,2013-01-14,2013,Q1,01,14,Monday
469,2012-01-26,2012,Q1,01,26,Thursday
470,2015-06-08,2015,Q2,06,8,Monday
471,2012-10-06,2012,Q4,10,6,Saturday
472,2013-10-15,2013,Q4,10,15,Tuesday
473,2015-09-09,2015,Q3,09,9,Wednesday
474,2012-08-20,2012,Q3,08,20,Monday
475,2013-08-29,2013,Q3,08,29,Thursday
476,2012-07-25,2012,Q3,07,25,Wednesday
477,2015-03-14,2015,Q1,03,14,Saturday
478,2012-07-17,2012,Q3,07,17,Tuesday
479,2013-09-12,2013,Q3,09,12,Thursday
480,2012-09-07,2012,Q3,09,7,Friday
481,2015-11-01,2015,Q4,11,1,Sunday
482,2015-02-22,2015,Q1,02,22,Sunday
483,2013-07-08,2013,Q3,07,8,Monday
484,2013-02-14,2013,Q1,02,14,Thursday
485,2013-10-02,2013,Q4,10,2,Wednesday
486,2014-10-16,2014,Q4,10,16,Thursday
487,2012-10-22,2012,Q4,10,22,Monday
488,2012-07-16,2012,Q3,07,16,Monday
489,2014-11-25,2014,Q4,11,25,Tuesday
490,2014-03-16,2014,Q1,03,16,Sunday
491,2013-05-09,2013,Q2,05,9,Thursday
492,2013-09-20,2013,Q3,09,20,Friday
493,2015-12-06,2015,Q4,12,6,Sunday
494,2015-09-01,2015,Q3,09,1,Tuesday
495,2013-03-17,2013,Q1,03,17,Sunday
496,2012-03-23,2012,Q1,03,23,Friday
497,2014-05-28,2014,Q2,05,28,Wednesday
498,2013-01-22,2013,Q1,01,22,Tuesday
499,2014-12-09,2014,Q4,12,9,Tuesday
500,2012-11-02,2012,Q4,11,2,Friday
501,2015-06-16,2015,Q2,06,16,Tuesday
502,2014-07-15,2014,Q3,07,15,Tuesday
503,2013-09-14,2013,Q3,09,14,Saturday
504,2012-09-02,2012,Q3,09,2,Sunday
505,2013-08-21,2013,Q3,08,21,Wednesday
506,2015-03-24,2015,Q1,03,24,Tuesday
507,2016-01-05,2016,Q1,01,5,Tuesday
508,2012-03-01,2012,Q1,03,1,Thursday
509,2013-10-14,2013,Q4,10,14,Monday
510,2013-11-27,2013,Q4,11,27,Wednesday
511,2012-04-20,2012,Q2,04,20,Friday
512,2015-10-20,2015,Q4,10,20,Tuesday
513,2012-06-22,2012,Q2,06,22,Friday
514,2014-04-17,2014,Q2,04,17,Thursday
515,2012-01-12,2012,Q1,01,12,Thursday
516,2013-02-06,2013,Q1,02,6,Wednesday
517,2013-09-02,2013,Q3,09,2,Monday
518,2013-02-07,2013,Q1,02,7,Thursday
519,2012-11-29,2012,Q4,11,29,Thursday
520,2014-06-07,2014,Q2,06,7,Saturday
521,2013-09-13,2013,Q3,09,13,Friday
522,2015-08-26,2015,Q3,08,26,Wednesday
523,2013-08-16,2013,Q3,08,16,Friday
524,2012-12-09,2012,Q4,12,9,Sunday
525,2014-07-09,2014,Q3,07,9,Wednesday
526,2013-12-29,2013,Q4,12,29,Sunday
527,2015-11-02,2015,Q4,11,2,Monday
528,2015-11-10,2015,Q4,11,10,Tuesday
529,2014-05-07,2014,Q2,05,7,Wednesday
530,2013-02-13,2013,Q1,02,13,Wednesday
531,2012-12-05,2012,Q4,12,5,Wednesday
532,2013-08-23,2013,Q3,08,23,Friday
533,2015-02-03,2015,Q1,02,3,Tuesday
534,2012-07-01,2012,Q3,07,1,Sunday
535,2013-07-19,2013,Q3,07,19,Friday
536,2015-05-11,2015,Q2,05,11,Monday
537,2015-09-22,2015,Q3,09,22,Tuesday
538,2015-09-08,2015,Q3,09,8,Tuesday
539,2012-07-23,2012,Q3,07,23,Monday
540,2014-06-20,2014,Q2,06,20,Friday
541,2012-01-08,2012,Q1,01,8,Sunday
542,2014-08-23,2014,Q3,08,23,Saturday
543,2012-12-12,2012,Q4,12,12,Wednesday
544,2012-09-19,2012,Q3,09,19,Wednesday
545,2013-12-22,2013,Q4,12,22,Sunday
546,2013-05-13,2013,Q2,05,13,Monday
547,2014-06-24,2014,Q2,06,24,Tuesday
548,2015-11-15,2015,Q4,11,15,Sunday
549,2013-07-28,2013,Q3,07,28,Sunday
550,2012-09-01,2012,Q3,09,1,Saturday
551,2012-10-12,2012,Q4,10,12,Friday
552,2015-10-29,2015,Q4,10,29,Thursday
553,2013-03-09,2013,Q1,03,9,Saturday
554,2014-07-17,2014,Q3,07,17,Thursday
555,2015-10-04,2015,Q4,10,4,Sunday
556,2015-07-13,2015,Q3,07,13,Monday
557,2015-01-11,2015,Q1,01,11,Sunday
558,2012-12-24,2012,Q4,12,24,Monday
559,2013-06-18,2013,Q2,06,18,Tuesday
560,2014-11-16,2014,Q4,11,16,Sunday
561,2012-07-30,2012,Q3,07,30,Monday
562,2012-01-18,2012,Q1,01,18,Wednesday
563,2013-05-19,2013,Q2,05,19,Sunday
564,2013-04-23,2013,Q2,04,23,Tuesday
565,2013-08-15,2013,Q3,08,15,Thursday
566,2015-07-02,2015,Q3,07,2,Thursday
567,2013-05-01,2013,Q2,05,1,Wednesday
568,2012-12-25,2012,Q4,12,25,Tuesday
569,2012-08-11,2012,Q3,08,11,Saturday
570,2015-12-02,2015,Q4,12,2,Wednesday
571,2013-10-09,2013,Q4,10,9,Wednesday
572,2012-05-23,2012,Q2,05,23,Wednesday
573,2014-12-20,2014,Q4,12,20,Saturday
574,2012-12-10,2012,Q4,12,10,Monday
575,2014-12-19,2014,Q4,12,19,Friday
576,2013-03-12,2013,Q1,03,12,Tuesday
577,2012-10-02,2012,Q4,10,2,Tuesday
578,2013-04-14,2013,Q2,04,14,Sunday
579,2012-11-05,2012,Q4,11,5,Monday
580,2014-10-29,2014,Q4,10,29,Wednesday
581,2013-01-02,2013,Q1,01,2,Wednesday
582,2014-09-14,2014,Q3,09,14,Sunday
583,2014-10-13,2014,Q4,10,13,Monday
584,2012-06-11,2012,Q2,06,11,Monday
585,2012-08-25,2012,Q3,08,25,Saturday
586,2015-06-23,2015,Q2,06,23,Tuesday
587,2015-09-06,2015,Q3,09,6,Sunday
588,2015-06-20,2015,Q2,06,20,Saturday
589,2015-11-12,2015,Q4,11,12,Thursday
590,2015-05-18,2015,Q2,05,18,Monday
591,2013-07-29,2013,Q3,07,29,Monday
592,2014-02-27,2014,Q1,02,27,Thursday
593,2013-01-12,2013,Q1,01,12,Saturday
594,2015-04-15,2015,Q2,04,15,Wednesday
595,2014-11-01,2014,Q4,11,1,Saturday
596,2013-04-16,2013,Q2,04,16,Tuesday
597,2015-02-23,2015,Q1,02,23,Monday
598,2013-02-22,2013,Q1,02,22,Friday
599,2016-01-01,2016,Q1,01,1,Friday
600,2013-09-28,2013,Q3,09,28,Saturday
601,2012-04-28,2012,Q2,04,28,Saturday
602,2015-03-29,2015,Q1,03,29,Sunday
603,2012-08-24,2012,Q3,08,24,Friday
604,2014-10-27,2014,Q4,10,27,Monday
605,2015-03-19,2015,Q1,03,19,Thursday
606,2015-07-28,2015,Q3,07,28,Tuesday
607,2013-12-07,2013,Q4,12,7,Saturday
608,2013-03-26,2013,Q1,03,26,Tuesday
609,2016-01-06,2016,Q1,01,6,Wednesday
610,2013-04-01,2013,Q2,04,1,Monday
611,2012-05-30,2012,Q2,05,30,Wednesday
612,2015-02-02,2015,Q1,02,2,Monday
613,2012-06-15,2012,Q2,06,15,Friday
614,2013-08-28,2013,Q3,08,28,Wednesday
615,2015-07-11,2015,Q3,07,11,Saturday
616,2014-08-21,2014,Q3,08,21,Thursday
617,2013-02-25,2013,Q1,02,25,Monday
618,2014-02-28,2014,Q1,02,28,Friday
619,2015-05-19,2015,Q2,05,19,Tuesday
620,2014-01-08,2014,Q1,01,8,Wednesday
621,2015-10-02,2015,Q4,10,2,Friday
622,2012-10-15,2012,Q4,10,15,Monday
623,2015-04-11,2015,Q2,04,11,Saturday
624,2013-11-16,2013,Q4,11,16,Saturday
625,2012-01-23,2012,Q1,01,23,Monday
626,2012-05-25,2012,Q2,05,25,Friday
627,2015-10-27,2015,Q4,10,27,Tuesday
628,2012-02-14,2012,Q1,02,14,Tuesday
629,2013-02-04,2013,Q1,02,4,Monday
630,2013-11-13,2013,Q4,11,13,Wednesday
631,2015-01-21,2015,Q1,01,21,Wednesday
632,2012-05-16,2012,Q2,05,16,Wednesday
633,2012-10-08,2012,Q4,10,8,Monday
634,2012-04-29,2012,Q2,04,29,Sunday
635,2013-07-23,2013,Q3,07,23,Tuesday
636,2015-12-17,2015,Q4,12,17,Thursday
637,2013-07-22,2013,Q3,07,22,Monday
638,2015-03-31,2015,Q1,03,31,Tuesday
639,2014-08-10,2014,Q3,08,10,Sunday
640,2014-02-07,2014,Q1,02,7,Friday
641,2012-02-27,2012,Q1,02,27,Monday
642,2015-02-28,2015,Q1,02,28,Saturday
643,2012-12-03,2012,Q4,12,3,Monday
644,2015-08-14,2015,Q3,08,14,Friday
645,2013-03-13,2013,Q1,03,13,Wednesday
646,2013-01-31,2013,Q1,01,31,Thursday
647,2013-11-17,2013,Q4,11,17,Sunday
648,2014-04-24,2014,Q2,04,24,Thursday
649,2012-07-29,2012,Q3,07,29,Sunday
650,2013-05-27,2013,Q2,05,27,Monday
651,2015-11-29,2015,Q4,11,29,Sunday
652,2015-08-20,2015,Q3,08,20,Thursday
653,2012-05-18,2012,Q2,05,18,Friday
654,2012-08-26,2012,Q3,08,26,Sunday
655,2013-01-26,2013,Q1,01,26,Saturday
656,2012-01-15,2012,Q1,01,15,Sunday
657,2012-09-26,2012,Q3,09,26,Wednesday
658,2013-05-30,2013,Q2,05,30,Thursday
659,2012-05-09,2012,Q2,05,9,Wednesday
660,2014-07-03,2014,Q3,07,3,Thursday
661,2015-02-17,2015,Q1,02,17,Tuesday
662,2012-10-19,2012,Q4,10,19,Friday
663,2015-06-24,2015,Q2,06,24,Wednesday
664,2012-03-26,2012,Q1,03,26,Monday
665,2013-06-23,2013,Q2,06,23,Sunday
666,2013-06-28,2013,Q2,06,28,Friday
667,2015-11-30,2015,Q4,11,30,Monday
668,2013-10-20,2013,Q4,10,20,Sunday
669,2013-01-06,2013,Q1,01,6,Sunday
670,2015-08-04,2015,Q3,08,4,Tuesday
671,2012-11-17,2012,Q4,11,17,Saturday
672,2015-05-07,2015,Q2,05,7,Thursday
673,2015-02-18,2015,Q1,02,18,Wednesday
674,2015-04-29,2015,Q2,04,29,Wednesday
675,2012-07-03,2012,Q3,07,3,Tuesday
676,2014-06-03,2014,Q2,06,3,Tuesday
677,2015-12-05,2015,Q4,12,5,Saturday
678,2013-01-20,2013,Q1,01,20,Sunday
679,2013-07-06,2013,Q3,07,6,Saturday
680,2012-09-23,2012,Q3,09,23,Sunday
681,2014-08-22,2014,Q3,08,22,Friday
682,2015-09-15,2015,Q3,09,15,Tuesday
683,2014-09-25,2014,Q3,09,25,Thursday
684,2014-07-08,2014,Q3,07,8,Tuesday
685,2013-01-08,2013,Q1,01,8,Tuesday
686,2015-11-21,2015,Q4,11,21,Saturday
687,2012-07-07,2012,Q3,07,7,Saturday
688,2014-12-13,2014,Q4,12,13,Saturday
689,2014-09-21,2014,Q3,09,21,Sunday
690,2014-11-30,2014,Q4,11,30,Sunday
691,2014-12-06,2014,Q4,12,6,Saturday
692,2014-09-10,2014,Q3,09,10,Wednesday
693,2013-04-13,2013,Q2,04,13,Saturday
694,2014-10-18,2014,Q4,10,18,Saturday
695,2014-05-27,2014,Q2,05,27,Tuesday
696,2015-08-16,2015,Q3,08,16,Sunday
697,2014-03-06,2014,Q1,03,6,Thursday
698,2014-07-14,2014,Q3,07,14,Monday
699,2012-09-05,2012,Q3,09,5,Wednesday
700,2015-02-10,2015,Q1,02,10,Tuesday
701,2013-07-09,2013,Q3,07,9,Tuesday
702,2015-11-16,2015,Q4,11,16,Monday
703,2015-08-01,2015,Q3,08,1,Saturday
704,2012-11-10,2012,Q4,11,10,Saturday
705,2014-08-24,2014,Q3,08,24,Sunday
706,2015-12-01,2015,Q4,12,1,Tuesday
707,2014-09-23,2014,Q3,09,23,Tuesday
708,2012-09-04,2012,Q3,09,4,Tuesday
709,2015-12-14,2015,Q4,12,14,Monday
710,2015-01-29,2015,Q1,01,29,Thursday
711,2014-07-23,2014,Q3,07,23,Wednesday
712,2015-06-06,2015,Q2,06,6,Saturday
713,2012-10-23,2012,Q4,10,23,Tuesday
714,2014-02-01,2014,Q1,02,1,Saturday
715,2014-04-18,2014,Q2,04,18,Friday
716,2012-02-07,2012,Q1,02,7,Tuesday
717,2012-11-04,2012,Q4,11,4,Sunday
718,2012-01-28,2012,Q1,01,28,Saturday
719,2014-04-28,2014,Q2,04,28,Monday
720,2014-05-03,2014,Q2,05,3,Saturday
721,2013-05-25,2013,Q2,05,25,Saturday
722,2013-11-18,2013,Q4,11,18,Monday
723,2013-01-23,2013,Q1,01,23,Wednesday
724,2014-05-26,2014,Q2,05,26,Monday
725,2015-08-15,2015,Q3,08,15,Saturday
726,2015-04-05,2015,Q2,04,5,Sunday
727,2012-09-30,2012,Q3,09,30,Sunday
728,2013-07-10,2013,Q3,07,10,Wednesday
729,2013-05-20,2013,Q2,05,20,Monday
730,2014-05-09,2014,Q2,05,9,Friday
731,2012-07-15,2012,Q3,07,15,Sunday
732,2013-05-26,2013,Q2,05,26,Sunday
733,2016-01-03,2016,Q1,01,3,Sunday
734,2012-03-05,2012,Q1,03,5,Monday
735,2013-04-30,2013,Q2,04,30,Tuesday
736,2015-11-17,2015,Q4,11,17,Tuesday
737,2015-07-09,2015,Q3,07,9,Thursday
738,2015-03-12,2015,Q1,03,12,Thursday
739,2013-06-10,2013,Q2,06,10,Monday
740,2014-01-03,2014,Q1,01,3,Friday
741,2015-10-24,2015,Q4,10,24,Saturday
742,2013-12-03,2013,Q4,12,3,Tuesday
743,2015-07-16,2015,Q3,07,16,Thursday
744,2012-03-13,2012,Q1,03,13,Tuesday
745,2013-03-31,2013,Q1,03,31,Sunday
746,2012-06-05,2012,Q2,06,5,Tuesday
747,2014-09-11,2014,Q3,09,11,Thursday
748,2013-06-26,2013,Q2,06,26,Wednesday
749,2015-08-07,2015,Q3,08,7,Friday
750,2014-03-30,2014,Q1,03,30,Sunday
751,2012-09-14,2012,Q3,09,14,Friday
752,2014-12-05,2014,Q4,12,5,Friday
753,2014-05-14,2014,Q2,05,14,Wednesday
754,2013-11-08,2013,Q4,11,8,Friday
755,2012-02-18,2012,Q1,02,18,Saturday
756,2014-11-07,2014,Q4,11,7,Friday
757,2012-02-22,2012,Q1,02,22,Wednesday
758,2012-01-27,2012,Q1,01,27,Friday
759,2013-12-05,2013,Q4,12,5,Thursday
760,2015-02-08,2015,Q1,02,8,Sunday
761,2013-08-02,2013,Q3,08,2,Friday
762,2015-09-03,2015,Q3,09,3,Thursday
763,2014-09-20,2014,Q3,09,20,Saturday
764,2014-03-13,2014,Q1,03,13,Thursday
765,2012-12-11,2012,Q4,12,11,Tuesday
766,2015-10-19,2015,Q4,10,19,Monday
767,2012-01-01,2012,Q1,01,1,Sunday
768,2012-04-27,2012,Q2,04,27,Friday
769,2013-11-05,2013,Q4,11,5,Tuesday
770,2015-03-16,2015,Q1,03,16,Monday
771,2013-04-25,2013,Q2,04,25,Thursday
772,2013-02-01,2013,Q1,02,1,Friday
773,2012-07-21,2012,Q3,07,21,Saturday
774,2012-10-29,2012,Q4,10,29,Monday
775,2014-03-21,2014,Q1,03,21,Friday
776,2013-09-30,2013,Q3,09,30,Monday
777,2014-05-18,2014,Q2,05,18,Sunday
778,2012-03-14,2012,Q1,03,14,Wednesday
779,2015-09-16,2015,Q3,09,16,Wednesday
780,2013-11-12,2013,Q4,11,12,Tuesday
781,2015-02-15,2015,Q1,02,15,Sunday
782,2015-03-03,2015,Q1,03,3,Tuesday
783,2015-05-02,2015,Q2,05,2,Saturday
784,2013-09-11,2013,Q3,09,11,Wednesday
785,2015-06-03,2015,Q2,06,3,Wednesday
786,2014-01-15,2014,Q1,01,15,Wednesday
787,2014-03-31,2014,Q1,03,31,Monday
788,2015-09-18,2015,Q3,09,18,Friday
789,2012-06-24,2012,Q2,06,24,Sunday
790,2012-03-09,2012,Q1,03,9,Friday
791,2014-02-16,2014,Q1,02,16,Sunday
792,2014-02-10,2014,Q1,02,10,Monday
793,2012-09-20,2012,Q3,09,20,Thursday
794,2012-10-11,2012,Q4,10,11,Thursday
795,2014-11-26,2014,Q4,11,26,Wednesday
796,2013-11-01,2013,Q4,11,1,Friday
797,2015-10-05,2015,Q4,10,5,Monday
798,2013-01-07,2013,Q1,01,7,Monday
799,2015-09-29,2015,Q3,09,29,Tuesday
800,2014-08-14,2014,Q3,08,14,Thursday
801,2012-09-12,2012,Q3,09,12,Wednesday
802,2014-07-27,2014,Q3,07,27,Sunday
803,2013-02-28,2013,Q1,02,28,Thursday
804,2012-12-15,2012,Q4,12,15,Saturday
805,2014-08-29,2014,Q3,08,29,Friday
806,2015-04-04,2015,Q2,04,4,Saturday
807,2015-05-09,2015,Q2,05,9,Saturday
808,2015-04-16,2015,Q2,04,16,Thursday
809,2014-06-05,2014,Q2,06,5,Thursday
810,2015-12-30,2015,Q4,12,30,Wednesday
811,2012-03-29,2012,Q1,03,29,Thursday
812,2014-07-30,2014,Q3,07,30,Wednesday
813,2012-06-26,2012,Q2,06,26,Tuesday
814,2012-03-03,2012,Q1,03,3,Saturday
815,2014-11-13,2014,Q4,11,13,Thursday
816,2013-06-25,2013,Q2,06,25,Tuesday
817,2012-08-27,2012,Q3,08,27,Monday
818,2014-03-24,2014,Q1,03,24,Monday
819,2013-03-07,2013,Q1,03,7,Thursday
820,2015-01-01,2015,Q1,01,1,Thursday
821,2015-03-11,2015,Q1,03,11,Wednesday
822,2013-10-17,2013,Q4,10,17,Thursday
823,2014-12-17,2014,Q4,12,17,Wednesday
824,2012-06-21,2012,Q2,06,21,Thursday
825,2013-09-24,2013,Q3,09,24,Tuesday
826,2015-10-07,2015,Q4,10,7,Wednesday
827,2012-11-01,2012,Q4,11,1,Thursday
828,2012-08-16,2012,Q3,08,16,Thursday
829,2015-05-26,2015,Q2,05,26,Tuesday
830,2015-04-01,2015,Q2,04,1,Wednesday
831,2014-11-22,2014,Q4,11,22,Saturday
832,2015-04-24,2015,Q2,04,24,Friday
833,2013-06-04,2013,Q2,06,4,Tuesday
834,2012-04-17,2012,Q2,04,17,Tuesday
835,2015-04-20,2015,Q2,04,20,Monday
836,2012-07-31,2012,Q3,07,31,Tuesday
837,2014-12-14,2014,Q4,12,14,Sunday
838,2013-10-30,2013,Q4,10,30,Wednesday
839,2014-09-24,2014,Q3,09,24,Wednesday
840,2014-02-22,2014,Q1,02,22,Saturday
841,2014-08-16,2014,Q3,08,16,Saturday
842,2012-09-21,2012,Q3,09,21,Friday
843,2014-06-30,2014,Q2,06,30,Monday
844,2013-09-16,2013,Q3,09,16,Monday
845,2012-02-23,2012,Q1,02,23,Thursday
846,2014-09-26,2014,Q3,09,26,Friday
847,2014-07-29,2014,Q3,07,29,Tuesday
848,2015-11-11,2015,Q4,11,11,Wednesday
849,2015-01-14,2015,Q1,01,14,Wednesday
850,2012-01-10,2012,Q1,01,10,Tuesday
851,2014-04-23,2014,Q2,04,23,Wednesday
852,2013-10-07,2013,Q4,10,7,Monday
853,2012-08-23,2012,Q3,08,23,Thursday
854,2015-05-24,2015,Q2,05,24,Sunday
855,2015-08-03,2015,Q3,08,3,Monday
856,2013-06-11,2013,Q2,06,11,Tuesday
857,2015-03-09,2015,Q1,03,9,Monday
858,2013-03-23,2013,Q1,03,23,Saturday
859,2014-06-10,2014,Q2,06,10,Tuesday
860,2013-05-06,2013,Q2,05,6,Monday
861,2012-03-12,2012,Q1,03,12,Monday
862,2012-05-04,2012,Q2,05,4,Friday
863,2013-10-21,2013,Q4,10,21,Monday
864,2014-12-30,2014,Q4,12,30,Tuesday
865,2012-12-28,2012,Q4,12,28,Friday
866,2015-01-31,2015,Q1,01,31,Saturday
867,2014-10-21,2014,Q4,10,21,Tuesday
868,2015-04-07,2015,Q2,04,7,Tuesday
869,2013-05-23,2013,Q2,05,23,Thursday
870,2014-01-01,2014,Q1,01,1,Wednesday
871,2013-03-24,2013,Q1,03,24,Sunday
872,2015-03-23,2015,Q1,03,23,Monday
873,2013-10-27,2013,Q4,10,27,Sunday
874,2014-06-19,2014,Q2,06,19,Thursday
875,2014-08-13,2014,Q3,08,13,Wednesday
876,2013-03-22,2013,Q1,03,22,Friday
877,2014-07-22,2014,Q3,07,22,Tuesday
878,2014-12-15,2014,Q4,12,15,Monday
879,2014-08-08,2014,Q3,08,8,Friday
880,2013-02-19,2013,Q1,02,19,Tuesday
881,2015-08-27,2015,Q3,08,27,Thursday
882,2012-07-22,2012,Q3,07,22,Sunday
883,2014-11-15,2014,Q4,11,15,Saturday
884,2015-08-10,2015,Q3,08,10,Monday
885,2014-07-26,2014,Q3,07,26,Saturday
886,2013-07-31,2013,Q3,07,31,Wednesday
887,2014-09-05,2014,Q3,09,5,Friday
888,2013-09-23,2013,Q3,09,23,Monday
889,2014-08-25,2014,Q3,08,25,Monday
890,2014-07-06,2014,Q3,07,6,Sunday
891,2014-03-01,2014,Q1,03,1,Saturday
892,2012-08-10,2012,Q3,08,10,Friday
893,2012-12-30,2012,Q4,12,30,Sunday
894,2015-01-18,2015,Q1,01,18,Sunday
895,2012-05-10,2012,Q2,05,10,Thursday
896,2012-09-06,2012,Q3,09,6,Thursday
897,2013-11-09,2013,Q4,11,9,Saturday
898,2014-10-03,2014,Q4,10,3,Friday
899,2015-08-17,2015,Q3,08,17,Monday
900,2012-10-07,2012,Q4,10,7,Sunday
901,2013-11-10,2013,Q4,11,10,Sunday
902,2014-06-01,2014,Q2,06,1,Sunday
903,2013-10-10,2013,Q4,10,10,Thursday
904,2015-06-27,2015,Q2,06,27,Saturday
905,2012-01-19,2012,Q1,01,19,Thursday
906,2013-01-27,2013,Q1,01,27,Sunday
907,2013-10-16,2013,Q4,10,16,Wednesday
908,2015-04-21,2015,Q2,04,21,Tuesday
909,2014-10-14,2014,Q4,10,14,Tuesday
910,2014-02-25,2014,Q1,02,25,Tuesday
911,2012-06-23,2012,Q2,06,23,Saturday
912,2015-11-18,2015,Q4,11,18,Wednesday
913,2014-11-23,2014,Q4,11,23,Sunday
914,2013-07-26,2013,Q3,07,26,Friday
915,2015-02-19,2015,Q1,02,19,Thursday
916,2015-08-25,2015,Q3,08,25,Tuesday
917,2014-05-23,2014,Q2,05,23,Friday
918,2015-06-02,2015,Q2,06,2,Tuesday
919,2015-12-23,2015,Q4,12,23,Wednesday
920,2014-12-21,2014,Q4,12,21,Sunday
921,2014-01-11,2014,Q1,01,11,Saturday
922,2014-10-02,2014,Q4,10,2,Thursday
923,2012-10-31,2012,Q4,10,31,Wednesday
924,2012-06-12,2012,Q2,06,12,Tuesday
925,2012-06-18,2012,Q2,06,18,Monday
926,2014-03-14,2014,Q1,03,14,Friday
927,2013-09-01,2013,Q3,09,1,Sunday
928,2014-10-05,2014,Q4,10,5,Sunday
929,2014-01-13,2014,Q1,01,13,Monday
930,2014-03-10,2014,Q1,03,10,Monday
931,2013-08-22,2013,Q3,08,22,Thursday
932,2013-06-02,2013,Q2,06,2,Sunday
933,2014-10-23,2014,Q4,10,23,Thursday
934,2014-11-19,2014,Q4,11,19,Wednesday
935,2015-05-04,2015,Q2,05,4,Monday
936,2013-03-15,2013,Q1,03,15,Friday
937,2015-04-27,2015,Q2,04,27,Monday
938,2015-11-23,2015,Q4,11,23,Monday
939,2014-06-04,2014,Q2,06,4,Wednesday
940,2013-05-15,2013,Q2,05,15,Wednesday
941,2012-09-27,2012,Q3,09,27,Thursday
942,2014-03-19,2014,Q1,03,19,Wednesday
943,2014-11-02,2014,Q4,11,2,Sunday
944,2014-08-18,2014,Q3,08,18,Monday
945,2015-07-01,2015,Q3,07,1,Wednesday
946,2014-08-03,2014,Q3,08,3,Sunday
947,2015-03-17,2015,Q1,03,17,Tuesday
948,2014-04-06,2014,Q2,04,6,Sunday
949,2012-06-16,2012,Q2,06,16,Saturday
950,2015-05-01,2015,Q2,05,1,Friday
951,2013-01-05,2013,Q1,01,5,Saturday
952,2012-11-20,2012,Q4,11,20,Tuesday
953,2014-11-10,2014,Q4,11,10,Monday
954,2014-08-09,2014,Q3,08,9,Saturday
955,2013-02-10,2013,Q1,02,10,Sunday
956,2015-02-07,2015,Q1,02,7,Saturday
957,2013-10-12,2013,Q4,10,12,Saturday
958,2014-06-25,2014,Q2,06,25,Wednesday
959,2014-12-23,2014,Q4,12,23,Tuesday
960,2013-07-27,2013,Q3,07,27,Saturday
961,2012-08-13,2012,Q3,08,13,Monday
962,2015-06-17,2015,Q2,06,17,Wednesday
963,2012-09-08,2012,Q3,09,8,Saturday
964,2014-03-18,2014,Q1,03,18,Tuesday
965,2014-03-27,2014,Q1,03,27,Thursday
966,2014-12-02,2014,Q4,12,2,Tuesday
967,2012-04-10,2012,Q2,04,10,Tuesday
968,2015-02-20,2015,Q1,02,20,Friday
969,2015-06-07,2015,Q2,06,7,Sunday
970,2015-06-09,2015,Q2,06,9,Tuesday
971,2013-07-11,2013,Q3,07,11,Thursday
972,2013-07-30,2013,Q3,07,30,Tuesday
973,2015-01-15,2015,Q1,01,15,Thursday
974,2014-04-10,2014,Q2,04,10,Thursday
975,2013-07-17,2013,Q3,07,17,Wednesday
976,2015-04-10,2015,Q2,04,10,Friday
977,2013-02-18,2013,Q1,02,18,Monday
978,2012-12-07,2012,Q4,12,7,Friday
979,2014-08-11,2014,Q3,08,11,Monday
980,2012-05-03,2012,Q2,05,3,Thursday
981,2013-03-30,2013,Q1,03,30,Saturday
982,2014-06-21,2014,Q2,06,21,Saturday
983,2015-04-30,2015,Q2,04,30,Thursday
984,2013-06-08,2013,Q2,06,8,Saturday
985,2015-05-10,2015,Q2,05,10,Sunday
986,2013-05-11,2013,Q2,05,11,Saturday
987,2013-04-10,2013,Q2,04,10,Wednesday
988,2014-02-18,2014,Q1,02,18,Tuesday
989,2013-05-03,2013,Q2,05,3,Friday
990,2012-03-16,2012,Q1,03,16,Friday
991,2014-04-09,2014,Q2,04,9,Wednesday
992,2012-01-11,2012,Q1,01,11,Wednesday
993,2012-07-19,2012,Q3,07,19,Thursday
994,2015-06-30,2015,Q2,06,30,Tuesday
995,2015-12-28,2015,Q4,12,28,Monday
996,2014-05-20,2014,Q2,05,20,Tuesday
997,2012-07-11,2012,Q3,07,11,Wednesday
998,2014-01-25,2014,Q1,01,25,Saturday
999,2014-01-27,2014,Q1,01,27,Monday
1000,2015-06-01,2015,Q2,06,1,Monday
1001,2014-07-16,2014,Q3,07,16,Wednesday
1002,2012-04-23,2012,Q2,04,23,Monday
1003,2015-07-20,2015,Q3,07,20,Monday
1004,2013-06-14,2013,Q2,06,14,Friday
1005,2015-01-23,2015,Q1,01,23,Friday
1006,2013-02-15,2013,Q1,02,15,Friday
1007,2013-11-06,2013,Q4,11,6,Wednesday
1008,2015-10-01,2015,Q4,10,1,Thursday
1009,2015-05-31,2015,Q2,05,31,Sunday
1010,2015-07-07,2015,Q3,07,7,Tuesday
1011,2012-05-11,2012,Q2,05,11,Friday
1012,2013-05-24,2013,Q2,05,24,Friday
1013,2014-11-03,2014,Q4,11,3,Monday
1014,2014-10-08,2014,Q4,10,8,Wednesday
1015,2014-11-20,2014,Q4,11,20,Thursday
1016,2014-10-10,2014,Q4,10,10,Friday
1017,2015-07-19,2015,Q3,07,19,Sunday
1018,2015-06-22,2015,Q2,06,22,Monday
1019,2013-11-29,2013,Q4,11,29,Friday
1020,2015-05-05,2015,Q2,05,5,Tuesday
1021,2014-02-12,2014,Q1,02,12,Wednesday
1022,2012-01-03,2012,Q1,01,3,Tuesday
1023,2012-06-13,2012,Q2,06,13,Wednesday
1024,2015-12-26,2015,Q4,12,26,Saturday
1025,2015-09-30,2015,Q3,09,30,Wednesday
1026,2015-04-14,2015,Q2,04,14,Tuesday
1027,2012-12-01,2012,Q4,12,1,Saturday
1028,2015-10-11,2015,Q4,10,11,Sunday
1029,2014-04-01,2014,Q2,04,1,Tuesday
1030,2013-10-26,2013,Q4,10,26,Saturday
1031,2012-03-06,2012,Q1,03,6,Tuesday
1032,2015-03-26,2015,Q1,03,26,Thursday
1033,2013-12-31,2013,Q4,12,31,Tuesday
1034,2015-10-25,2015,Q4,10,25,Sunday
1035,2015-10-26,2015,Q4,10,26,Monday
1036,2012-05-26,2012,Q2,05,26,Saturday
1037,2015-08-21,2015,Q3,08,21,Friday
1038,2012-02-11,2012,Q1,02,11,Saturday
1039,2014-04-20,2014,Q2,04,20,Sunday
1040,2013-06-27,2013,Q2,06,27,Thursday
1041,2015-12-03,2015,Q4,12,3,Thursday
1042,2012-09-16,2012,Q3,09,16,Sunday
1043,2012-11-06,2012,Q4,11,6,Tuesday
1044,2014-08-01,2014,Q3,08,1,Friday
1045,2013-05-05,2013,Q2,05,5,Sunday
1046,2014-02-21,2014,Q1,02,21,Friday
1047,2012-09-13,2012,Q3,09,13,Thursday
1048,2013-09-29,2013,Q3,09,29,Sunday
1049,2015-06-29,2015,Q2,06,29,Monday
1050,2014-04-15,2014,Q2,04,15,Tuesday
1051,2012-10-10,2012,Q4,10,10,Wednesday
1052,2014-10-04,2014,Q4,10,4,Saturday
1053,2013-08-10,2013,Q3,08,10,Saturday
1054,2015-01-16,2015,Q1,01,16,Friday
1055,2015-03-30,2015,Q1,03,30,Monday
1056,2014-02-19,2014,Q1,02,19,Wednesday
1057,2015-08-28,2015,Q3,08,28,Friday
1058,2014-12-18,2014,Q4,12,18,Thursday
1059,2015-05-27,2015,Q2,05,27,Wednesday
1060,2015-01-05,2015,Q1,01,5,Monday
1061,2012-11-22,2012,Q4,11,22,Thursday
1062,2015-12-25,2015,Q4,12,25,Friday
1063,2014-05-22,2014,Q2,05,22,Thursday
1064,2013-08-07,2013,Q3,08,7,Wednesday
1065,2014-08-26,2014,Q3,08,26,Tuesday
1066,2013-05-17,2013,Q2,05,17,Friday
1067,2012-08-29,2012,Q3,08,29,Wednesday
1068,2014-03-05,2014,Q1,03,5,Wednesday
1069,2015-09-25,2015,Q3,09,25,Friday
1070,2014-02-08,2014,Q1,02,8,Saturday
1071,2012-08-30,2012,Q3,08,30,Thursday
1072,2014-10-20,2014,Q4,10,20,Monday
1073,2014-01-17,2014,Q1,01,17,Friday
1074,2013-03-19,2013,Q1,03,19,Tuesday
1075,2015-10-09,2015,Q4,10,9,Friday
1076,2012-06-01,2012,Q2,06,1,Friday
1077,2014-09-15,2014,Q3,09,15,Monday
1078,2014-06-28,2014,Q2,06,28,Saturday
1079,2014-08-15,2014,Q3,08,15,Friday
1080,2015-01-03,2015,Q1,01,3,Saturday
1081,2012-09-22,2012,Q3,09,22,Saturday
1082,2015-06-25,2015,Q2,06,25,Thursday
1083,2014-04-05,2014,Q2,04,5,Saturday
1084,2012-06-28,2012,Q2,06,28,Thursday
1085,2012-03-30,2012,Q1,03,30,Friday
1086,2012-05-05,2012,Q2,05,5,Saturday
1087,2013-04-17,2013,Q2,04,17,Wednesday
1088,2015-03-25,2015,Q1,03,25,Wednesday
1089,2012-02-04,2012,Q1,02,4,Saturday
1090,2013-09-17,2013,Q3,09,17,Tuesday
1091,2012-07-20,2012,Q3,07,20,Friday
1092,2014-03-23,2014,Q1,03,23,Sunday
1093,2012-08-02,2012,Q3,08,2,Thursday
1094,2014-01-10,2014,Q1,01,10,Friday
1095,2015-07-22,2015,Q3,07,22,Wednesday
1096,2013-03-03,2013,Q1,03,3,Sunday
1097,2015-04-23,2015,Q2,04,23,Thursday
1098,2013-12-10,2013,Q4,12,10,Tuesday
1099,2014-07-20,2014,Q3,07,20,Sunday
1100,2015-07-27,2015,Q3,07,27,Monday
1101,2014-06-22,2014,Q2,06,22,Sunday
1102,2013-10-03,2013,Q4,10,3,Thursday
1103,2012-05-15,2012,Q2,05,15,Tuesday
1104,2015-12-13,2015,Q4,12,13,Sunday
1105,2013-12-27,2013,Q4,12,27,Friday
1106,2014-10-06,2014,Q4,10,6,Monday
1107,2013-12-14,2013,Q4,12,14,Saturday
1108,2013-11-20,2013,Q4,11,20,Wednesday
1109,2015-05-15,2015,Q2,05,15,Friday
1110,2014-05-12,2014,Q2,05,12,Monday
1111,2013-10-25,2013,Q4,10,25,Friday
1112,2013-08-25,2013,Q3,08,25,Sunday
1113,2015-10-10,2015,Q4,10,10,Saturday
1114,2012-05-17,2012,Q2,05,17,Thursday
1115,2015-12-31,2015,Q4,12,31,Thursday
1116,2012-01-06,2012,Q1,01,6,Friday
1117,2015-12-11,2015,Q4,12,11,Friday
1118,2015-04-08,2015,Q2,04,8,Wednesday
1119,2015-11-20,2015,Q4,11,20,Friday
1120,2014-05-13,2014,Q2,05,13,Tuesday
1121,2015-07-10,2015,Q3,07,10,Friday
1122,2013-01-13,2013,Q1,01,13,Sunday
1123,2015-01-24,2015,Q1,01,24,Saturday
1124,2015-04-25,2015,Q2,04,25,Saturday
1125,2012-12-02,2012,Q4,12,2,Sunday
1126,2015-02-09,2015,Q1,02,9,Monday
1127,2013-02-02,2013,Q1,02,2,Saturday
1128,2012-09-28,2012,Q3,09,28,Friday
1129,2012-12-17,2012,Q4,12,17,Monday
1130,2014-08-27,2014,Q3,08,27,Wednesday
1131,2014-04-25,2014,Q2,04,25,Friday
1132,2013-03-25,2013,Q1,03,25,Monday
1133,2012-05-14,2012,Q2,05,14,Monday
1134,2013-08-13,2013,Q3,08,13,Tuesday
1135,2013-02-27,2013,Q1,02,27,Wednesday
1136,2014-02-17,2014,Q1,02,17,Monday
1137,2012-04-06,2012,Q2,04,6,Friday
1138,2012-10-16,2012,Q4,10,16,Tuesday
1139,2014-07-07,2014,Q3,07,7,Monday
1140,2014-10-30,2014,Q4,10,30,Thursday
1141,2013-09-03,2013,Q3,09,3,Tuesday
1142,2012-11-27,2012,Q4,11,27,Tuesday
1143,2014-04-12,2014,Q2,04,12,Saturday
1144,2013-04-28,2013,Q2,04,28,Sunday
1145,2013-12-08,2013,Q4,12,8,Sunday
1146,2014-05-06,2014,Q2,05,6,Tuesday
1147,2015-09-26,2015,Q3,09,26,Saturday
1148,2013-02-12,2013,Q1,02,12,Tuesday
1149,2013-07-05,2013,Q3,07,5,Friday
1150,2016-01-07,2016,Q1,01,7,Thursday
1151,2012-02-03,2012,Q1,02,3,Friday
1152,2012-07-13,2012,Q3,07,13,Friday
1153,2012-10-27,2012,Q4,10,27,Saturday
1154,2012-08-05,2012,Q3,08,5,Sunday
1155,2015-08-06,2015,Q3,08,6,Thursday
1156,2013-06-15,2013,Q2,06,15,Saturday
1157,2015-10-14,2015,Q4,10,14,Wednesday
1158,2013-11-23,2013,Q4,11,23,Saturday
1159,2013-08-09,2013,Q3,08,9,Friday
1160,2015-07-17,2015,Q3,07,17,Friday
1161,2014-01-02,2014,Q1,01,2,Thursday
1162,2013-01-03,2013,Q1,01,3,Thursday
1163,2012-11-21,2012,Q4,11,21,Wednesday
1164,2013-07-04,2013,Q3,07,4,Thursday
1165,2014-03-08,2014,Q1,03,8,Saturday
1166,2014-09-19,2014,Q3,09,19,Friday
1167,2015-11-24,2015,Q4,11,24,Tuesday
1168,2012-02-01,2012,Q1,02,1,Wednesday
1169,2015-06-10,2015,Q2,06,10,Wednesday
1170,2012-06-17,2012,Q2,06,17,Sunday
1171,2015-12-16,2015,Q4,12,16,Wednesday
1172,2012-12-20,2012,Q4,12,20,Thursday
1173,2012-09-10,2012,Q3,09,10,Monday
1174,2015-05-29,2015,Q2,05,29,Friday
1175,2014-02-04,2014,Q1,02,4,Tuesday
1176,2012-12-08,2012,Q4,12,8,Saturday
1177,2012-04-12,2012,Q2,04,12,Thursday
1178,2015-01-20,2015,Q1,01,20,Tuesday
1179,2012-11-23,2012,Q4,11,23,Friday
1180,2014-05-10,2014,Q2,05,10,Saturday
1181,2014-12-24,2014,Q4,12,24,Wednesday
1182,2014-11-08,2014,Q4,11,8,Saturday
1183,2012-12-13,2012,Q4,12,13,Thursday
1184,2012-02-06,2012,Q1,02,6,Monday
1185,2015-03-15,2015,Q1,03,15,Sunday
1186,2014-08-30,2014,Q3,08,30,Saturday
1187,2012-12-18,2012,Q4,12,18,Tuesday
1188,2012-05-21,2012,Q2,05,21,Monday
1189,2013-01-17,2013,Q1,01,17,Thursday
1190,2013-07-03,2013,Q3,07,3,Wednesday
1191,2015-11-13,2015,Q4,11,13,Friday
1192,2015-08-18,2015,Q3,08,18,Tuesday
1193,2014-10-01,2014,Q4,10,1,Wednesday
1194,2012-02-08,2012,Q1,02,8,Wednesday
1195,2012-02-19,2012,Q1,02,19,Sunday
1196,2013-06-19,2013,Q2,06,19,Wednesday
1197,2015-08-09,2015,Q3,08,9,Sunday
1198,2012-04-03,2012,Q2,04,3,Tuesday
1199,2012-09-18,2012,Q3,09,18,Tuesday
1200,2013-07-02,2013,Q3,07,2,Tuesday
1201,2012-10-05,2012,Q4,10,5,Friday
1202,2012-03-17,2012,Q1,03,17,Saturday
1203,2015-11-28,2015,Q4,11,28,Saturday
1204,2014-05-24,2014,Q2,05,24,Saturday
1205,2014-07-01,2014,Q3,07,1,Tuesday
1206,2015-08-31,2015,Q3,08,31,Monday
1207,2013-09-05,2013,Q3,09,5,Thursday
1208,2015-09-17,2015,Q3,09,17,Thursday
1209,2014-10-17,2014,Q4,10,17,Friday
1210,2012-01-25,2012,Q1,01,25,Wednesday
1211,2012-01-20,2012,Q1,01,20,Friday
1212,2012-03-15,2012,Q1,03,15,Thursday
1213,2012-04-22,2012,Q2,04,22,Sunday
1214,2012-11-28,2012,Q4,11,28,Wednesday
1215,2015-01-22,2015,Q1,01,22,Thursday
1216,2013-10-22,2013,Q4,10,22,Tuesday
1217,2012-12-21,2012,Q4,12,21,Friday
1218,2013-06-06,2013,Q2,06,6,Thursday
1219,2014-03-25,2014,Q1,03,25,Tuesday
1220,2012-08-19,2012,Q3,08,19,Sunday
1221,2012-01-30,2012,Q1,01,30,Monday
1222,2012-04-30,2012,Q2,04,30,Monday
1223,2015-05-21,2015,Q2,05,21,Thursday
1224,2013-11-19,2013,Q4,11,19,Tuesday
1225,2015-10-17,2015,Q4,10,17,Saturday
1226,2013-03-21,2013,Q1,03,21,Thursday
1227,2013-01-30,2013,Q1,01,30,Wednesday
1228,2015-04-06,2015,Q2,04,6,Monday
1229,2014-01-16,2014,Q1,01,16,Thursday
1230,2012-10-21,2012,Q4,10,21,Sunday
1231,2014-01-06,2014,Q1,01,6,Monday
1232,2015-10-12,2015,Q4,10,12,Monday
1233,2014-12-16,2014,Q4,12,16,Tuesday
1234,2013-06-22,2013,Q2,06,22,Saturday
1235,2012-02-05,2012,Q1,02,5,Sunday
1236,2014-09-29,2014,Q3,09,29,Monday
1237,2015-01-07,2015,Q1,01,7,Wednesday
1238,2015-09-11,2015,Q3,09,11,Friday
1239,2014-03-15,2014,Q1,03,15,Saturday
1240,2014-11-06,2014,Q4,11,6,Thursday
1241,2013-01-25,2013,Q1,01,25,Friday
1242,2012-11-19,2012,Q4,11,19,Monday
1243,2012-12-26,2012,Q4,12,26,Wednesday
1244,2013-03-05,2013,Q1,03,5,Tuesday
1245,2013-04-15,2013,Q2,04,15,Monday
1246,2013-01-21,2013,Q1,01,21,Monday
1247,2014-07-13,2014,Q3,07,13,Sunday
1248,2012-04-01,2012,Q2,04,1,Sunday
1249,2013-04-02,2013,Q2,04,2,Tuesday
1250,2012-10-30,2012,Q4,10,30,Tuesday
1251,2012-01-14,2012,Q1,01,14,Saturday
1252,2012-11-15,2012,Q4,11,15,Thursday
1253,2015-08-22,2015,Q3,08,22,Saturday
1254,2015-05-25,2015,Q2,05,25,Monday
1255,2012-07-18,2012,Q3,07,18,Wednesday
1256,2014-06-18,2014,Q2,06,18,Wednesday
1257,2013-03-04,2013,Q1,03,4,Monday
1258,2015-12-19,2015,Q4,12,19,Saturday
1259,2015-12-27,2015,Q4,12,27,Sunday
1260,2012-05-24,2012,Q2,05,24,Thursday
1261,2014-09-12,2014,Q3,09,12,Friday
1262,2012-10-14,2012,Q4,10,14,Sunday
1263,2012-06-09,2012,Q2,06,9,Saturday
1264,2012-02-28,2012,Q1,02,28,Tuesday
1265,2013-08-18,2013,Q3,08,18,Sunday
1266,2013-04-05,2013,Q2,04,5,Friday
1267,2012-07-27,2012,Q3,07,27,Friday
1268,2013-12-21,2013,Q4,12,21,Saturday
1269,2012-02-25,2012,Q1,02,25,Saturday
1270,2014-03-17,2014,Q1,03,17,Monday
1271,2012-11-24,2012,Q4,11,24,Saturday
1272,2013-12-09,2013,Q4,12,9,Monday
1273,2015-01-02,2015,Q1,01,2,Friday
1274,2014-08-31,2014,Q3,08,31,Sunday
1275,2012-10-26,2012,Q4,10,26,Friday
1276,2015-02-25,2015,Q1,02,25,Wednesday
1277,2016-01-02,2016,Q1,01,2,Saturday
1278,2015-06-05,2015,Q2,06,5,Friday
1279,2014-08-07,2014,Q3,08,7,Thursday
1280,2013-09-27,2013,Q3,09,27,Friday
1281,2012-02-21,2012,Q1,02,21,Tuesday
1282,2014-10-25,2014,Q4,10,25,Saturday
1283,2012-12-19,2012,Q4,12,19,Wednesday
1284,2014-08-19,2014,Q3,08,19,Tuesday
1285,2013-09-25,2013,Q3,09,25,Wednesday
1286,2015-12-21,2015,Q4,12,21,Monday
1287,2012-12-14,2012,Q4,12,14,Friday
1288,2014-09-03,2014,Q3,09,3,Wednesday
1289,2014-03-11,2014,Q1,03,11,Tuesday
1290,2014-12-03,2014,Q4,12,3,Wednesday
1291,2015-11-03,2015,Q4,11,3,Tuesday
1292,2013-09-26,2013,Q3,09,26,Thursday
1293,2013-08-11,2013,Q3,08,11,Sunday
1294,2013-01-29,2013,Q1,01,29,Tuesday
1295,2014-04-21,2014,Q2,04,21,Monday
1296,2015-01-30,2015,Q1,01,30,Friday
1297,2013-11-02,2013,Q4,11,2,Saturday
1298,2013-04-21,2013,Q2,04,21,Sunday
1299,2013-08-04,2013,Q3,08,4,Sunday
1300,2013-02-23,2013,Q1,02,23,Saturday
1301,2013-10-23,2013,Q4,10,23,Wednesday
1302,2013-10-05,2013,Q4,10,5,Saturday
1303,2012-01-17,2012,Q1,01,17,Tuesday
1304,2015-03-18,2015,Q1,03,18,Wednesday
1305,2012-06-07,2012,Q2,06,7,Thursday
1306,2014-05-19,2014,Q2,05,19,Monday
1307,2012-12-04,2012,Q4,12,4,Tuesday
1308,2013-08-17,2013,Q3,08,17,Saturday
1309,2015-09-05,2015,Q3,09,5,Saturday
1310,2015-08-30,2015,Q3,08,30,Sunday
1311,2013-01-15,2013,Q1,01,15,Tuesday
1312,2014-06-11,2014,Q2,06,11,Wednesday
1313,2012-02-09,2012,Q1,02,9,Thursday
1314,2014-11-27,2014,Q4,11,27,Thursday
1315,2013-04-18,2013,Q2,04,18,Thursday
1316,2014-03-22,2014,Q1,03,22,Saturday
1317,2012-06-06,2012,Q2,06,6,Wednesday
1318,2015-11-14,2015,Q4,11,14,Saturday
1319,2012-11-16,2012,Q4,11,16,Friday
1320,2014-06-17,2014,Q2,06,17,Tuesday
1321,2012-08-28,2012,Q3,08,28,Tuesday
1322,2013-08-24,2013,Q3,08,24,Saturday
1323,2012-09-17,2012,Q3,09,17,Monday
1324,2014-09-09,2014,Q3,09,9,Tuesday
1325,2014-06-14,2014,Q2,06,14,Saturday
1326,2014-04-22,2014,Q2,04,22,Tuesday
1327,2013-11-25,2013,Q4,11,25,Monday
1328,2015-08-23,2015,Q3,08,23,Sunday
1329,2014-09-13,2014,Q3,09,13,Saturday
1330,2012-11-30,2012,Q4,11,30,Friday
1331,2014-01-20,2014,Q1,01,20,Monday
1332,2015-10-15,2015,Q4,10,15,Thursday
1333,2014-09-16,2014,Q3,09,16,Tuesday
1334,2014-12-25,2014,Q4,12,25,Thursday
1335,2012-01-04,2012,Q1,01,4,Wednesday
1336,2012-07-10,2012,Q3,07,10,Tuesday
1337,2014-02-06,2014,Q1,02,6,Thursday
1338,2014-06-26,2014,Q2,06,26,Thursday
1339,2014-01-05,2014,Q1,01,5,Sunday
1340,2015-10-23,2015,Q4,10,23,Friday
1341,2015-09-19,2015,Q3,09,19,Saturday
1342,2015-03-21,2015,Q1,03,21,Saturday
1343,2012-08-21,2012,Q3,08,21,Tuesday
1344,2014-01-04,2014,Q1,01,4,Saturday
1345,2014-11-09,2014,Q4,11,9,Sunday
1346,2013-03-14,2013,Q1,03,14,Thursday
1347,2015-04-12,2015,Q2,04,12,Sunday
1348,2014-03-26,2014,Q1,03,26,Wednesday
1349,2012-08-08,2012,Q3,08,8,Wednesday
1350,2013-06-13,2013,Q2,06,13,Thursday
1351,2014-05-16,2014,Q2,05,16,Friday
1352,2014-01-24,2014,Q1,01,24,Friday
1353,2015-02-11,2015,Q1,02,11,Wednesday
1354,2015-07-24,2015,Q3,07,24,Friday
1355,2012-06-20,2012,Q2,06,20,Wednesday
1356,2015-01-25,2015,Q1,01,25,Sunday
1357,2013-05-14,2013,Q2,05,14,Tuesday
1358,2015-12-04,2015,Q4,12,4,Friday
1359,2015-10-21,2015,Q4,10,21,Wednesday
1360,2013-05-21,2013,Q2,05,21,Tuesday
1361,2012-10-28,2012,Q4,10,28,Sunday
1362,2012-10-13,2012,Q4,10,13,Saturday
1363,2013-08-19,2013,Q3,08,19,Monday
1364,2013-03-28,2013,Q1,03,28,Thursday
1365,2013-11-26,2013,Q4,11,26,Tuesday
1366,2014-11-18,2014,Q4,11,18,Tuesday
1367,2014-04-29,2014,Q2,04,29,Tuesday
1368,2013-10-13,2013,Q4,10,13,Sunday
1369,2012-12-27,2012,Q4,12,27,Thursday
1370,2012-08-12,2012,Q3,08,12,Sunday
1371,2012-01-09,2012,Q1,01,9,Monday
1372,2014-02-03,2014,Q1,02,3,Monday
1373,2015-03-01,2015,Q1,03,1,Sunday
1374,2015-08-29,2015,Q3,08,29,Saturday
1375,2013-12-16,2013,Q4,12,16,Monday
1376,2015-10-30,2015,Q4,10,30,Friday
1377,2014-02-15,2014,Q1,02,15,Saturday
1378,2012-07-02,2012,Q3,07,2,Monday
1379,2012-11-08,2012,Q4,11,8,Thursday
1380,2012-06-29,2012,Q2,06,29,Friday
1381,2015-07-31,2015,Q3,07,31,Friday
1382,2013-04-29,2013,Q2,04,29,Monday
1383,2015-04-18,2015,Q2,04,18,Saturday
1384,2014-04-27,2014,Q2,04,27,Sunday
1385,2015-02-26,2015,Q1,02,26,Thursday
1386,2013-07-21,2013,Q3,07,21,Sunday
1387,2013-08-01,2013,Q3,08,1,Thursday
1388,2013-12-19,2013,Q4,12,19,Thursday
1389,2013-09-21,2013,Q3,09,21,Saturday
1390,2014-04-07,2014,Q2,04,7,Monday
1391,2012-03-02,2012,Q1,03,2,Friday
1392,2015-03-28,2015,Q1,03,28,Saturday
1393,2015-06-28,2015,Q2,06,28,Sunday
1394,2015-07-15,2015,Q3,07,15,Wednesday
1395,2014-11-04,2014,Q4,11,4,Tuesday
1396,2014-09-04,2014,Q3,09,4,Thursday
1397,2015-07-29,2015,Q3,07,29,Wednesday
1398,2013-12-02,2013,Q4,12,2,Monday
1399,2015-11-07,2015,Q4,11,7,Saturday
1400,2015-06-26,2015,Q2,06,26,Friday
1401,2015-05-14,2015,Q2,05,14,Thursday
1402,2012-08-03,2012,Q3,08,3,Friday
1403,2012-04-15,2012,Q2,04,15,Sunday
1404,2014-12-10,2014,Q4,12,10,Wednesday
1405,2014-12-22,2014,Q4,12,22,Monday
1406,2014-08-06,2014,Q3,08,6,Wednesday
1407,2015-07-12,2015,Q3,07,12,Sunday
1408,2012-02-12,2012,Q1,02,12,Sunday
1409,2014-01-09,2014,Q1,01,9,Thursday
1410,2014-06-13,2014,Q2,06,13,Friday
1411,2012-12-29,2012,Q4,12,29,Saturday
1412,2012-04-24,2012,Q2,04,24,Tuesday
1413,2015-05-30,2015,Q2,05,30,Saturday
1414,2013-12-13,2013,Q4,12,13,Friday
1415,2015-04-19,2015,Q2,04,19,Sunday
1416,2015-08-11,2015,Q3,08,11,Tuesday
1417,2012-09-24,2012,Q3,09,24,Monday
1418,2014-05-01,2014,Q2,05,1,Thursday
1419,2012-01-31,2012,Q1,01,31,Tuesday
1420,2015-11-09,2015,Q4,11,9,Monday
1421,2015-11-26,2015,Q4,11,26,Thursday
1422,2015-04-22,2015,Q2,04,22,Wednesday
1423,2012-08-18,2012,Q3,08,18,Saturday
1424,2012-01-07,2012,Q1,01,7,Saturday
1425,2012-04-09,2012,Q2,04,9,Monday
1426,2012-04-25,2012,Q2,04,25,Wednesday
1427,2015-10-08,2015,Q4,10,8,Thursday
1428,2015-09-07,2015,Q3,09,7,Monday
1429,2014-12-31,2014,Q4,12,31,Wednesday
1430,2015-04-13,2015,Q2,04,13,Monday
1431,2013-01-28,2013,Q1,01,28,Monday
1432,2013-12-18,2013,Q4,12,18,Wednesday
1433,2015-12-15,2015,Q4,12,15,Tuesday
1434,2012-01-22,2012,Q1,01,22,Sunday
1435,2012-05-12,2012,Q2,05,12,Saturday
1436,2013-05-08,2013,Q2,05,8,Wednesday
1437,2013-04-24,2013,Q2,04,24,Wednesday
1438,2014-10-07,2014,Q4,10,7,Tuesday
1439,2012-02-29,2012,Q1,02,29,Wednesday
1440,2015-01-09,2015,Q1,01,9,Friday
1441,2012-08-14,2012,Q3,08,14,Tuesday
1442,2012-08-17,2012,Q3,08,17,Friday
1443,2012-07-26,2012,Q3,07,26,Thursday
1444,2015-10-22,2015,Q4,10,22,Thursday
1445,2015-09-14,2015,Q3,09,14,Monday
1446,2012-03-20,2012,Q1,03,20,Tuesday
1447,2015-08-08,2015,Q3,08,8,Saturday
1448,2013-05-18,2013,Q2,05,18,Saturday
1449,2015-03-27,2015,Q1,03,27,Friday
1450,2013-06-21,2013,Q2,06,21,Friday
1451,2014-08-02,2014,Q3,08,2,Saturday
1452,2015-03-04,2015,Q1,03,4,Wednesday
1453,2015-10-16,2015,Q4,10,16,Friday
1454,2015-02-06,2015,Q1,02,6,Friday
1455,2013-10-04,2013,Q4,10,4,Friday
1456,2014-01-22,2014,Q1,01,22,Wednesday
1457,2014-08-28,2014,Q3,08,28,Thursday
1458,2013-06-29,2013,Q2,06,29,Saturday
1459,2015-07-18,2015,Q3,07,18,Saturday
1460,2015-06-14,2015,Q2,06,14,Sunday
1461,2015-09-23,2015,Q3,09,23,Wednesday
1462,2013-12-15,2013,Q4,12,15,Sunday
1463,2013-02-24,2013,Q1,02,24,Sunday
1464,2013-07-14,2013,Q3,07,14,Sunday
1465,2013-04-09,2013,Q2,04,9,Tuesday
1466,2012-06-03,2012,Q2,06,3,Sunday
1467,2013-06-16,2013,Q2,06,16,Sunday
1468,2013-06-12,2013,Q2,06,12,Wednesday
